date,BTC,moving_average,p_1,p_2,p_3,p_4,p_5,p_6,p_7,predict
2026-08-24,78973.89,65792.74,71906.43493142870,78410.63950856610,73151.05480020610,77666.83499486260,75647.9211391995,64848.367114774300,66928.9311463356,71295.8325727355
2026-08-25,78511.23,66281.26,73200.418676706,78410.55456050440,74058.96082927850,78676.71320197290,76319.07481735900,65721.29396239840,67643.15233469250,71985.6622821696
2026-08-26,79018.03,66720.16,73839.25462180420,78386.91166996170,73857.14160635220,79735.17910610320,76518.61354403900,65547.41596088420,68150.42320537750,72235.5024157601
2026-08-27,80268.37,67230.72,74076.94059114720,78388.33749077660,72853.69911211720,79472.7114911243,75960.4026405991,64552.9917920265,68603.22415805380,71963.0818131765
2026-08-28,77820.76,67776.94,75002.46248511010,78434.89442645690,73049.91032430310,80684.92696405250,76753.23415850060,64304.29003616510,69920.21726049340,72570.69354795130
2026-08-29,78225.14,68240.41,75682.7047597043,78614.53284982800,73319.29044241860,81443.59708486940,77426.52680417050,64944.905300687600,70975.07988184700,73122.4631213627
2026-08-30,77658.23,68689.80,75788.39138676300,78951.32761419660,72935.40068840250,81403.52386100800,77020.2320220969,64921.19037453340,70738.24433371640,73076.1995555882
2026-08-31,78552.78,69184.40,76120.60603933280,79406.38881120780,73218.01603855470,80980.04646561550,76594.49292935600,64660.35106792350,71102.17717271080,73167.5261320952
2026-09-01,77416.44,69710.41,74279.39799603350,80445.67191511570,77397.475149061,71226.33212187460,75020.4401877187,73961.80132723920,69772.52080549440,74908.738578046
2026-09-02,77297.13,70174.16,74482.5760928721,80637.20513459540,77564.5934103214,71100.9018612641,75603.26729900570,74003.0241865211,69932.48486026240,75045.4424462512
2026-09-03,81264.70,70634.97,74829.22993672970,80703.61664475580,77630.05475054810,71183.79938160320,76001.26402408480,74079.9484089266,70074.1560786475,75196.0852934661
2026-09-04,79671.26,71209.15,74781.79951680530,80694.57134106840,77915.06217410760,71570.87387566810,76566.60667755860,74047.647858798,70333.59994070490,75407.8100297286
2026-09-05,79821.70,71712.38,74567.86166303630,80745.10091911,78136.09726025150,71734.5313649675,77548.50745574890,73866.00837133760,70530.99392834700,75562.5301049826
2026-09-06,80329.35,72230.12,75118.25993908030,80063.96337450760,78150.85560088300,71911.11247782220,77430.50333161010,73556.36424678850,70771.99926652890,75568.9015430596
2026-09-07,79093.46,72745.11,74846.34956599690,79437.95654151870,77078.45902918250,71594.54017187480,76952.32683302120,73649.04844619090,70855.03040747530,75239.02757205470
2026-09-08,78450.75,73217.65,75283.43839322530,78246.12184529630,77822.7108949239,72994.76814600860,76149.12289552370,73729.30946682670,71700.76829721340,75437.5857610341
2026-09-09,78283.06,73670.80,75960.54353009000,78350.05298880590,77331.34945101870,73082.76334622610,76612.61030403110,73511.26126168490,72106.02649599090,75601.1462087672
2026-09-10,76554.99,74149.71,76091.24696747420,78316.9836765301,76358.24762385580,73495.04995447490,75878.07104408480,73216.109195091,72406.90452091750,75466.5004203293
2026-09-11,77203.53,74583.63,75408.31887510800,77929.17671943420,75774.11651997400,73556.57769385530,75379.34713251960,72471.22161384190,72321.53446145920,75095.49232920760
2026-09-12,77261.63,75043.46,75676.29002133030,78246.92344532710,75886.19705680650,73774.01185673470,73353.13274706030,72709.32866321860,73023.14220724660,75025.35611097200
2026-09-13,76819.04,75504.54,75800.6819012337,78599.76889172960,75379.8487618655,74539.25388312020,72349.76171032730,72882.75693472880,72905.05657943870,75001.678513025
2026-09-14,78173.35,75965.70,75255.47088839710,78894.70415220760,76418.80419361340,74501.02686025570,71967.72429875090,72540.50606548960,72305.5832190711,74776.9228438228
2026-09-15,75590.24,76470.44,75216.55641298890,78837.20600254090,77323.83142113550,75107.49981071800,72153.13259795640,73242.82457607130,72951.16894706670,75174.35498138460
2026-09-16,76146.81,76895.33,74243.70461433330,78703.79112327990,77130.41485295020,74869.50202217990,72033.48373376810,72835.75109060500,72706.34988985780,74824.06282151860
2026-09-17,76371.36,77283.84,74606.16444874430,78983.3771364226,77163.69218877100,75545.85813724220,71857.69516874260,71911.10655243940,73097.41989143090,74942.1222145977
2026-09-18,80873.58,77673.34,74225.68862986720,79268.76156960340,77352.40339065540,75839.9864698703,71856.59058406470,71314.19582235990,73252.47072394790,74987.4479199533
2026-09-19,81236.41,78059.43,74288.27908886490,80002.54200755190,77521.90112261140,76021.90022461730,72455.54557520150,71640.46063634160,73335.09983310330,75262.8931534287
2026-09-20,81169.04,78333.28,74516.88243431170,80286.53136336880,77705.05689793980,76833.02350786730,72739.85786885900,71793.46365761550,73415.95949937380,75536.20488673660
2026-09-21,86596.74,78428.32,74543.24617455930,81395.28054106640,78035.23404252140,77375.56749620350,73052.41533962730,71856.31050865350,73610.08051770190,75908.16507981320
2026-09-22,86183.29,78745.51,74987.1751524438,82502.72166380040,78684.86307166580,78292.42079846420,74609.39524526800,73724.38349289500,74181.90052266990,76805.2270792914
2026-09-23,84382.40,79027.88,74671.36311598270,81903.44322422050,78360.63400944470,78471.60237935750,74814.5395520741,74325.22788966940,74345.70842918160,76778.7360712345
2026-09-24,84377.97,79208.16,74760.46986228380,81523.45286242880,78494.31877072580,78446.32076278970,74976.38468273600,74288.11217535240,74340.28976500900,76727.80706239580
2026-09-25,84075.72,79403.72,75071.14338998070,81498.53659764440,78801.90439969150,78020.48685503270,75354.8858462674,74261.34303728510,74797.27697390660,76914.0099635223
2026-09-26,84416.71,79572.31,75501.9992416585,81052.06759226720,79512.91574729480,77645.19517399700,75242.78933658160,74061.4701450084,74997.92809219990,76978.0647802146
2026-09-27,84448.75,79710.59,76677.1793873544,82130.87290083750,80292.21386525960,77685.41430385320,75381.99440950040,74037.18410474080,76077.7046215618,77519.851495605
2026-09-28,83479.25,79931.52,77028.41781552050,81613.09306503320,80860.33583599060,77369.43447884210,75339.53163688390,74683.21035976140,76175.31940115750,77652.81117836170
2026-09-29,83640.10,80106.66,77721.64018770550,81439.28234196090,82431.76411019700,77007.41994022700,75954.42358127850,75027.78326692250,77418.58826004110,78244.94719917680
2026-09-30,83576.13,80306.05,77858.03143106790,81709.08682280670,82501.60827446480,76710.10597715020,74161.4862899319,75274.07433077830,77369.98733924490,78071.4861719351
2026-10-01,84841.67,80473.50,82447.94975034870,77319.72934340120,81879.55100230180,82180.00532105910,78518.88780507800,85463.1954513924,82518.77795020770,81475.442374827
2026-10-02,84506.47,80721.00,82977.27721999590,77354.86253253790,82023.2731659757,81846.96022948180,79354.4350965899,85227.20081975980,82833.47766612070,81659.6409614945
2026-10-03,84742.79,80961.32,82672.18692262950,78842.60407314140,81523.82405711100,81271.76952407680,79225.39851844520,84802.19578585420,82328.25143634130,81523.74718822850
2026-10-04,86489.73,81077.25,83372.58216905520,79791.8726563868,81310.32782203580,80761.17467503380,80535.33285291430,84777.79325978710,82247.61482379810,81828.0997512873
2026-10-05,85770.87,81304.53,83560.31268091570,80254.48036362940,81029.69877338440,79732.07376647900,78504.57233831920,84865.79223310120,81863.09393664330,81401.43201321030
2026-10-06,85540.09,81502.84,81726.79020653650,80354.4596526872,79779.98355142800,79084.77204423180,78380.10273839560,85316.54031454280,81877.68866139150,80931.4767384591
2026-10-07,83282.05,81676.53,79985.33922777240,80198.4525264259,79298.32154219930,78288.83142749920,78722.57179361160,85056.74609419260,80692.33281007940,80320.3707745401
2026-10-08,81685.89,81816.15,79824.48765339750,80255.1288029251,79158.67787940360,77922.43617740950,78278.3566787448,85012.16744976150,80579.18507491320,80147.2056737936
2026-10-09,,,78855.61439497600,80730.38038578680,79853.9596255617,77300.13303032430,77793.06807007320,84492.05319011450,80533.55663729190,79936.9664763041
2026-10-10,,,77230.01249192200,81089.99221450550,78851.59095639410,76961.98598195140,76487.7074739973,84519.7807250594,80499.01059103500,79377.1543478378
2026-10-11,,,77720.07785622250,81166.0895778474,78968.38001103950,76584.31618038500,76015.68272572930,83764.90317416300,81386.96038599240,79372.3442730542
2026-10-12,,,78379.39306379930,81305.97393532450,79238.54083898280,76965.33602218460,76135.37904618380,83583.39001436640,81753.72261037490,79623.10507588800
2026-10-13,,,78767.8704994031,81339.02565934010,79770.22332012110,77481.91899810320,77825.71092343570,83198.88364266260,81884.22185596820,80038.2649855763
2026-10-14,,,80117.38541038350,82030.41885370140,80294.59058898000,77505.11806633520,78131.40702642380,83502.61048276190,83142.17311235890,80674.81479156350
2026-10-15,,,80933.40989583430,83267.05507380010,80516.50067204280,77649.84355498650,79348.15984001770,84311.11904861100,83507.19395811210,81361.89743477210
2026-10-16,,,81197.02786666360,83720.52175797280,79864.51488993910,78061.66335018110,79751.4370471395,84762.37549870570,83909.72378514560,81609.6091708211
2026-10-17,,,81959.75548856520,84226.1534673326,79489.9275664359,78230.63355090490,79818.40805111400,84646.55466552240,84065.85018023270,81776.7547100154
2026-10-18,,,81802.73928552580,84793.2187272177,79794.34349308450,78005.81517613600,80540.00012780150,84609.70118669430,84964.39769010840,82072.887955224
2026-10-19,,,82145.57136730220,85884.12663796720,81251.95925797570,78108.59348764690,81909.95429437600,84602.44866663380,85868.95727644470,82824.51585547810
2026-10-20,,,82066.3852880815,85915.68114628240,82044.37783375280,78200.38649636880,83352.76882846190,84527.18456348380,85995.27803208890,83157.4374555029
2026-10-21,,,82304.9412272865,86640.73340112440,82399.62799563660,78160.35848166190,84668.79063395670,84591.72834024950,85700.23533693700,83495.2022024075
2026-10-22,,,82531.93130276880,87039.68855290800,82424.23163753820,78322.63610801010,85548.46478713380,84287.18868928900,86204.92601009620,83765.58101253490
2026-10-23,,,82898.89658217850,87208.2001119068,82966.93364533510,78559.90334776860,85746.66842540190,84596.95620017430,85785.44310286110,83966.1430593752
2026-10-24,,,82687.43264494940,87468.79179201870,83744.04777226600,77344.16424013460,86767.34248915020,85153.28156246590,86024.82084572830,84169.98304953040
2026-10-25,,,83098.88794223790,87162.7126574086,82796.51848010110,77708.49206289020,87487.17881324980,85870.6802851077,86097.92970155920,84317.4857060792
2026-10-26,,,84349.50535243620,87908.26933576500,82363.06158341810,77780.72332569580,87290.5845814261,85974.48999100790,86326.20980672300,84570.4062823532
2026-10-27,,,84280.80598191500,87743.26126951130,81910.26452944780,78121.73765674010,87024.74244542920,86359.72553748050,87165.53391757330,84658.01019115670
2026-10-28,,,84610.31712557630,87657.97598324640,81938.82917809620,78643.43320928600,86687.5018590124,86567.01372099510,87362.99565537290,84781.1523902265
2026-10-29,,,84900.0347694148,87532.34176839130,81966.43933738980,78655.40251510450,87918.67664317730,87045.81313044300,87754.0495586579,85110.3939603684
2026-10-30,,,84950.50961306700,87512.79656857250,81869.30815725020,78811.63856980540,87585.72655031270,87376.31897279500,87893.80480041260,85142.87189031650
2026-10-31,,,85585.68646289620,87371.67060593810,81774.00377022750,78998.89292575550,87976.96051156630,87667.23686822860,87946.252620022,85331.5291092335
2026-11-01,,,86234.3659441839,86839.36053872720,82120.62099397310,79375.3419789283,89049.77501766900,88038.65436573100,87477.46034546780,85590.7970263829
2026-11-02,,,86233.86213909150,87241.75063205170,81963.16046394290,79821.61864670180,90043.32976952260,88865.4957618699,87431.64997028070,85942.9810547802
2026-11-03,,,85369.30244095580,87702.50689258030,82218.55776556590,79623.7404066779,90125.00294104510,88593.44806193250,88176.32144627250,85972.6971364329
2026-11-04,,,85714.53336089160,87725.02516255130,83480.4035858329,80022.20911323890,89421.33311952180,88443.62257035930,90034.68464495850,86405.973079622
2026-11-05,,,85396.76804748760,87763.5389630684,83411.35103913850,79892.00929536460,87497.83282727990,87965.51350436440,89757.90943940680,85954.9890165872
2026-11-06,,,85009.62788843830,88733.69738332270,83483.9027992785,80097.82815467420,87256.54219913050,88619.06730571060,90132.98976344090,86190.522213428
2026-11-07,,,84896.63081546230,88684.09438844710,82916.97599532160,79840.91365477350,85568.34933207550,88971.2335773706,89804.65817420330,85811.836562522
2026-11-08,,,86041.08446001320,89463.90834374010,83584.68617778220,81068.78665606330,85913.53496059370,90328.43393668340,90816.55164746620,86745.28374033460
2026-11-09,,,86172.5196178255,88879.67391220290,84060.51848390370,81540.97567308410,86229.53508956090,91014.44763188340,91316.89418298420,87030.6520844921
2026-11-10,,,86986.64269231580,88445.1763062936,83717.33867685650,82032.07673084750,85612.74821617640,91688.20069866610,91848.49492725820,87190.0968926306
2026-11-11,,,87305.93359550570,87723.51253701110,83932.45598316760,82480.69632768290,85701.50160484750,92206.68675575310,92561.56305710730,87416.04998015360
2026-11-12,,,87350.55973820020,86977.53641626590,83869.40206625000,82757.12984577580,86534.98851698230,93245.15037095790,92782.46332961860,87645.31861200720
2026-11-13,,,88121.14307945970,88857.77639759650,85501.64529739130,83165.11153664380,86538.69793796480,92855.05875644700,93207.66865770810,88321.01452331590
2026-11-14,,,88776.73523540360,90450.56907095170,86280.83148651990,83137.9429917967,86840.21159521080,94959.46625077070,94043.68570185500,89212.7774760726
2026-11-15,,,88936.45903729730,90823.24265792360,86396.5821210685,82884.21067782180,86396.12484077990,92465.15113661910,94332.28640316150,88890.5795535245
2026-11-16,,,88085.7013425432,91073.44707524720,85090.67023736060,82862.88601217180,86972.82157503150,92251.61511926770,94707.7463895062,88720.6982501612
2026-11-17,,,87422.56465567680,90909.7047825251,83661.94203286490,82487.01536281940,87044.23298654870,93232.12765071800,94872.89311659770,88518.6400839644
2026-11-18,,,87026.23584773880,91020.43038643700,83250.47669070240,82459.18423357390,85353.86983123970,93044.75573938020,94492.61178885330,88092.50921684650
2026-11-19,,,87867.19595649450,91343.66739746090,85205.20563457130,82913.07348912760,85884.21229985720,94653.38898287240,94288.07084189240,88879.25922889660
2026-11-20,,,89583.8860040752,93331.8265636019,86911.12325478150,83285.09668441790,86560.01385715520,94791.45122489030,94530.65615958530,89856.2933926439
2026-11-21,,,92100.33625467590,94433.87378128230,89563.37128580880,84211.76735050010,86201.65134091610,95851.4332383263,95158.3578778344,91074.3987327634
2026-11-22,,,95270.02174637720,95231.47446488510,89778.23688845650,85132.88365590710,86051.36741174970,97141.07461569210,95639.2434923626,92034.9003250615
2026-11-23,,,97315.19894262110,95378.01667608230,90195.10635713540,85360.13625165770,85374.52503726520,97590.63928756530,95806.48211886620,92431.44352445620
2026-11-24,,,101488.92394682700,95759.21932961440,91237.67497308350,86122.41590319,85309.27012232480,98446.35197574270,96210.99658411640,93510.6932621284
2026-11-25,,,101731.470947592,96049.91516319990,91736.39601034150,86376.88397368540,85105.26621719250,99713.83867351320,96918.61147378340,93947.4832084726
2026-11-26,,,101263.1795854700,95788.29051128290,91252.55594866940,85077.25355499720,83337.72112089810,99504.99709285620,94820.17952063330,93006.3110478296
2026-11-27,,,102181.66299833000,95979.18063201440,91895.06539203390,85123.80864813160,84369.81475162210,100191.234603704,94667.45715730340,93486.8891690199
2026-11-28,,,102908.23473087200,96162.64834456100,91665.82634577510,86201.61468336540,84893.88356526620,100675.40124608800,95352.89206023060,93980.07156802260
2026-11-29,,,103931.46722258100,96646.07959278720,92600.6608119766,86552.39739434160,85286.33727963920,101381.67927858500,95159.56696199510,94508.3126488437
2026-11-30,,,104665.27131560700,97206.44178945950,93197.92914386280,86982.31652189100,85618.7487412349,101865.73646041700,94987.1131168967,94931.9367270527
